id,name,phone,bus_id,joining_date
con-01,Appa Rao Kommuri,9848013301,bus-01,2018-06-01
con-02,Balakrishna Pudota,9848013302,bus-02,2019-07-15
con-03,Chennakesava Rao Divi,9848013303,bus-03,2019-08-01
con-04,Damodar Rao Yannam,9848013304,bus-04,2021-01-10
con-05,Eswara Rao Pamula,9848013305,bus-05,2020-06-01
con-06,Gopala Krishna Tadepalli,9848013306,bus-06,2020-07-20
con-07,Harikrishna Siripuram,9848013307,bus-07,2018-04-01
con-08,Jagadish Babu Kotteda,9848013308,bus-08,2022-03-15
con-09,Kalyan Rao Kolusu,9848013309,bus-09,2022-06-01
con-10,Lakshmi Narayana Potnuru,9848013310,bus-10,2021-08-01
